Estimate!!Total,Margin of Error!!Total,id,Geographic Area Name
1020,231,1500000US530530602001,"Block Group 1, Census Tract 602, Pierce County, Washington"
1258,215,1500000US530530603001,"Block Group 1, Census Tract 603, Pierce County, Washington"
1236,256,1500000US530530603002,"Block Group 2, Census Tract 603, Pierce County, Washington"
1658,265,1500000US530530603003,"Block Group 3, Census Tract 603, Pierce County, Washington"
692,163,1500000US530530604001,"Block Group 1, Census Tract 604, Pierce County, Washington"
702,155,1500000US530530604002,"Block Group 2, Census Tract 604, Pierce County, Washington"
760,166,1500000US530530604003,"Block Group 3, Census Tract 604, Pierce County, Washington"
999,256,1500000US530530604004,"Block Group 4, Census Tract 604, Pierce County, Washington"
754,145,1500000US530530604005,"Block Group 5, Census Tract 604, Pierce County, Washington"
817,184,1500000US530530605001,"Block Group 1, Census Tract 605, Pierce County, Washington"
979,266,1500000US530530605002,"Block Group 2, Census Tract 605, Pierce County, Washington"
859,273,1500000US530530605003,"Block Group 3, Census Tract 605, Pierce County, Washington"
574,194,1500000US530530605004,"Block Group 4, Census Tract 605, Pierce County, Washington"
890,229,1500000US530530605005,"Block Group 5, Census Tract 605, Pierce County, Washington"
1246,338,1500000US530530606001,"Block Group 1, Census Tract 606, Pierce County, Washington"
1217,299,1500000US530530606002,"Block Group 2, Census Tract 606, Pierce County, Washington"
819,242,1500000US530530606003,"Block Group 3, Census Tract 606, Pierce County, Washington"
863,295,1500000US530530606004,"Block Group 4, Census Tract 606, Pierce County, Washington"
557,167,1500000US530530606005,"Block Group 5, Census Tract 606, Pierce County, Washington"
642,303,1500000US530530606006,"Block Group 6, Census Tract 606, Pierce County, Washington"
1084,324,1500000US530530607001,"Block Group 1, Census Tract 607, Pierce County, Washington"
952,246,1500000US530530607002,"Block Group 2, Census Tract 607, Pierce County, Washington"
1213,415,1500000US530530607003,"Block Group 3, Census Tract 607, Pierce County, Washington"
1048,337,1500000US530530607004,"Block Group 4, Census Tract 607, Pierce County, Washington"
1415,311,1500000US530530607005,"Block Group 5, Census Tract 607, Pierce County, Washington"
772,258,1500000US530530607006,"Block Group 6, Census Tract 607, Pierce County, Washington"
787,231,1500000US530530608001,"Block Group 1, Census Tract 608, Pierce County, Washington"
618,170,1500000US530530608002,"Block Group 2, Census Tract 608, Pierce County, Washington"
787,289,1500000US530530608003,"Block Group 3, Census Tract 608, Pierce County, Washington"
523,216,1500000US530530608004,"Block Group 4, Census Tract 608, Pierce County, Washington"
823,245,1500000US530530608005,"Block Group 5, Census Tract 608, Pierce County, Washington"
991,324,1500000US530530608006,"Block Group 6, Census Tract 608, Pierce County, Washington"
578,167,1500000US530530608007,"Block Group 7, Census Tract 608, Pierce County, Washington"
1053,523,1500000US530530609031,"Block Group 1, Census Tract 609.03, Pierce County, Washington"
1083,211,1500000US530530609032,"Block Group 2, Census Tract 609.03, Pierce County, Washington"
1328,225,1500000US530530609033,"Block Group 3, Census Tract 609.03, Pierce County, Washington"
819,491,1500000US530530609041,"Block Group 1, Census Tract 609.04, Pierce County, Washington"
1808,443,1500000US530530609042,"Block Group 2, Census Tract 609.04, Pierce County, Washington"
1061,520,1500000US530530609043,"Block Group 3, Census Tract 609.04, Pierce County, Washington"
1433,300,1500000US530530609044,"Block Group 4, Census Tract 609.04, Pierce County, Washington"
2103,390,1500000US530530609051,"Block Group 1, Census Tract 609.05, Pierce County, Washington"
965,383,1500000US530530609052,"Block Group 2, Census Tract 609.05, Pierce County, Washington"
983,352,1500000US530530609053,"Block Group 3, Census Tract 609.05, Pierce County, Washington"
1582,364,1500000US530530609054,"Block Group 4, Census Tract 609.05, Pierce County, Washington"
1165,269,1500000US530530609055,"Block Group 5, Census Tract 609.05, Pierce County, Washington"
1627,154,1500000US530530609061,"Block Group 1, Census Tract 609.06, Pierce County, Washington"
686,115,1500000US530530609062,"Block Group 2, Census Tract 609.06, Pierce County, Washington"
1025,204,1500000US530530610011,"Block Group 1, Census Tract 610.01, Pierce County, Washington"
928,208,1500000US530530610012,"Block Group 2, Census Tract 610.01, Pierce County, Washington"
1843,267,1500000US530530610013,"Block Group 3, Census Tract 610.01, Pierce County, Washington"
1853,543,1500000US530530610021,"Block Group 1, Census Tract 610.02, Pierce County, Washington"
775,234,1500000US530530610022,"Block Group 2, Census Tract 610.02, Pierce County, Washington"
1101,249,1500000US530530610023,"Block Group 3, Census Tract 610.02, Pierce County, Washington"
544,260,1500000US530530610024,"Block Group 4, Census Tract 610.02, Pierce County, Washington"
1345,374,1500000US530530611001,"Block Group 1, Census Tract 611, Pierce County, Washington"
522,252,1500000US530530611002,"Block Group 2, Census Tract 611, Pierce County, Washington"
586,218,1500000US530530611003,"Block Group 3, Census Tract 611, Pierce County, Washington"
724,248,1500000US530530611004,"Block Group 4, Census Tract 611, Pierce County, Washington"
996,270,1500000US530530611005,"Block Group 5, Census Tract 611, Pierce County, Washington"
1402,447,1500000US530530611006,"Block Group 6, Census Tract 611, Pierce County, Washington"
1190,383,1500000US530530611007,"Block Group 7, Census Tract 611, Pierce County, Washington"
1409,367,1500000US530530612001,"Block Group 1, Census Tract 612, Pierce County, Washington"
686,215,1500000US530530612002,"Block Group 2, Census Tract 612, Pierce County, Washington"
936,369,1500000US530530612003,"Block Group 3, Census Tract 612, Pierce County, Washington"
853,305,1500000US530530612004,"Block Group 4, Census Tract 612, Pierce County, Washington"
631,186,1500000US530530612005,"Block Group 5, Census Tract 612, Pierce County, Washington"
962,254,1500000US530530612006,"Block Group 6, Census Tract 612, Pierce County, Washington"
760,200,1500000US530530613001,"Block Group 1, Census Tract 613, Pierce County, Washington"
1059,286,1500000US530530613002,"Block Group 2, Census Tract 613, Pierce County, Washington"
918,220,1500000US530530613003,"Block Group 3, Census Tract 613, Pierce County, Washington"
780,285,1500000US530530613004,"Block Group 4, Census Tract 613, Pierce County, Washington"
771,222,1500000US530530613005,"Block Group 5, Census Tract 613, Pierce County, Washington"
897,250,1500000US530530613006,"Block Group 6, Census Tract 613, Pierce County, Washington"
973,206,1500000US530530614001,"Block Group 1, Census Tract 614, Pierce County, Washington"
1569,352,1500000US530530614002,"Block Group 2, Census Tract 614, Pierce County, Washington"
1057,184,1500000US530530614003,"Block Group 3, Census Tract 614, Pierce County, Washington"
1647,277,1500000US530530615001,"Block Group 1, Census Tract 615, Pierce County, Washington"
1412,326,1500000US530530615002,"Block Group 2, Census Tract 615, Pierce County, Washington"
894,249,1500000US530530615003,"Block Group 3, Census Tract 615, Pierce County, Washington"
1047,320,1500000US530530615004,"Block Group 4, Census Tract 615, Pierce County, Washington"
1925,173,1500000US530530616011,"Block Group 1, Census Tract 616.01, Pierce County, Washington"
846,102,1500000US530530616021,"Block Group 1, Census Tract 616.02, Pierce County, Washington"
1101,332,1500000US530530617001,"Block Group 1, Census Tract 617, Pierce County, Washington"
989,479,1500000US530530617002,"Block Group 2, Census Tract 617, Pierce County, Washington"
855,280,1500000US530530617003,"Block Group 3, Census Tract 617, Pierce County, Washington"
528,243,1500000US530530617004,"Block Group 4, Census Tract 617, Pierce County, Washington"
1096,274,1500000US530530617005,"Block Group 5, Census Tract 617, Pierce County, Washington"
1094,384,1500000US530530618001,"Block Group 1, Census Tract 618, Pierce County, Washington"
1147,451,1500000US530530618002,"Block Group 2, Census Tract 618, Pierce County, Washington"
566,221,1500000US530530618003,"Block Group 3, Census Tract 618, Pierce County, Washington"
862,301,1500000US530530619001,"Block Group 1, Census Tract 619, Pierce County, Washington"
923,242,1500000US530530619002,"Block Group 2, Census Tract 619, Pierce County, Washington"
920,252,1500000US530530620001,"Block Group 1, Census Tract 620, Pierce County, Washington"
1155,321,1500000US530530620002,"Block Group 2, Census Tract 620, Pierce County, Washington"
1082,247,1500000US530530620003,"Block Group 3, Census Tract 620, Pierce County, Washington"
1383,278,1500000US530530620004,"Block Group 4, Census Tract 620, Pierce County, Washington"
1389,349,1500000US530530623001,"Block Group 1, Census Tract 623, Pierce County, Washington"
1438,348,1500000US530530623002,"Block Group 2, Census Tract 623, Pierce County, Washington"
1352,330,1500000US530530623003,"Block Group 3, Census Tract 623, Pierce County, Washington"
1085,312,1500000US530530623004,"Block Group 4, Census Tract 623, Pierce County, Washington"
1651,493,1500000US530530624001,"Block Group 1, Census Tract 624, Pierce County, Washington"
993,327,1500000US530530624002,"Block Group 2, Census Tract 624, Pierce County, Washington"
1095,384,1500000US530530624003,"Block Group 3, Census Tract 624, Pierce County, Washington"
975,359,1500000US530530624004,"Block Group 4, Census Tract 624, Pierce County, Washington"
808,245,1500000US530530624005,"Block Group 5, Census Tract 624, Pierce County, Washington"
1309,598,1500000US530530625001,"Block Group 1, Census Tract 625, Pierce County, Washington"
1663,641,1500000US530530625002,"Block Group 2, Census Tract 625, Pierce County, Washington"
504,323,1500000US530530625003,"Block Group 3, Census Tract 625, Pierce County, Washington"
1067,389,1500000US530530625004,"Block Group 4, Census Tract 625, Pierce County, Washington"
1649,603,1500000US530530625005,"Block Group 5, Census Tract 625, Pierce County, Washington"
695,280,1500000US530530625006,"Block Group 6, Census Tract 625, Pierce County, Washington"
1030,418,1500000US530530625007,"Block Group 7, Census Tract 625, Pierce County, Washington"
1099,284,1500000US530530626001,"Block Group 1, Census Tract 626, Pierce County, Washington"
2067,340,1500000US530530626002,"Block Group 2, Census Tract 626, Pierce County, Washington"
1222,386,1500000US530530628011,"Block Group 1, Census Tract 628.01, Pierce County, Washington"
2076,533,1500000US530530628012,"Block Group 2, Census Tract 628.01, Pierce County, Washington"
1865,440,1500000US530530628013,"Block Group 3, Census Tract 628.01, Pierce County, Washington"
1245,328,1500000US530530628014,"Block Group 4, Census Tract 628.01, Pierce County, Washington"
1828,329,1500000US530530628021,"Block Group 1, Census Tract 628.02, Pierce County, Washington"
1377,357,1500000US530530628022,"Block Group 2, Census Tract 628.02, Pierce County, Washington"
954,296,1500000US530530628023,"Block Group 3, Census Tract 628.02, Pierce County, Washington"
2681,533,1500000US530530629001,"Block Group 1, Census Tract 629, Pierce County, Washington"
1482,463,1500000US530530629002,"Block Group 2, Census Tract 629, Pierce County, Washington"
719,225,1500000US530530629003,"Block Group 3, Census Tract 629, Pierce County, Washington"
815,267,1500000US530530629004,"Block Group 4, Census Tract 629, Pierce County, Washington"
852,378,1500000US530530629005,"Block Group 5, Census Tract 629, Pierce County, Washington"
857,351,1500000US530530629006,"Block Group 6, Census Tract 629, Pierce County, Washington"
1280,301,1500000US530530630001,"Block Group 1, Census Tract 630, Pierce County, Washington"
1769,332,1500000US530530630002,"Block Group 2, Census Tract 630, Pierce County, Washington"
881,258,1500000US530530631001,"Block Group 1, Census Tract 631, Pierce County, Washington"
1267,350,1500000US530530631002,"Block Group 2, Census Tract 631, Pierce County, Washington"
830,259,1500000US530530631003,"Block Group 3, Census Tract 631, Pierce County, Washington"
1481,389,1500000US530530631004,"Block Group 4, Census Tract 631, Pierce County, Washington"
1171,257,1500000US530530632001,"Block Group 1, Census Tract 632, Pierce County, Washington"
2091,394,1500000US530530632002,"Block Group 2, Census Tract 632, Pierce County, Washington"
694,174,1500000US530530632003,"Block Group 3, Census Tract 632, Pierce County, Washington"
730,205,1500000US530530632004,"Block Group 4, Census Tract 632, Pierce County, Washington"
825,237,1500000US530530632005,"Block Group 5, Census Tract 632, Pierce County, Washington"
1667,485,1500000US530530633001,"Block Group 1, Census Tract 633, Pierce County, Washington"
3141,836,1500000US530530633002,"Block Group 2, Census Tract 633, Pierce County, Washington"
1379,415,1500000US530530633003,"Block Group 3, Census Tract 633, Pierce County, Washington"
1149,631,1500000US530530633004,"Block Group 4, Census Tract 633, Pierce County, Washington"
1177,382,1500000US530530633005,"Block Group 5, Census Tract 633, Pierce County, Washington"
910,346,1500000US530530634001,"Block Group 1, Census Tract 634, Pierce County, Washington"
2317,661,1500000US530530634002,"Block Group 2, Census Tract 634, Pierce County, Washington"
771,323,1500000US530530634003,"Block Group 3, Census Tract 634, Pierce County, Washington"
646,250,1500000US530530634004,"Block Group 4, Census Tract 634, Pierce County, Washington"
1474,459,1500000US530530634005,"Block Group 5, Census Tract 634, Pierce County, Washington"
1235,423,1500000US530530634006,"Block Group 6, Census Tract 634, Pierce County, Washington"
801,319,1500000US530530635011,"Block Group 1, Census Tract 635.01, Pierce County, Washington"
1103,299,1500000US530530635012,"Block Group 2, Census Tract 635.01, Pierce County, Washington"
1059,266,1500000US530530635013,"Block Group 3, Census Tract 635.01, Pierce County, Washington"
1400,298,1500000US530530635014,"Block Group 4, Census Tract 635.01, Pierce County, Washington"
1149,297,1500000US530530635021,"Block Group 1, Census Tract 635.02, Pierce County, Washington"
2239,344,1500000US530530635022,"Block Group 2, Census Tract 635.02, Pierce County, Washington"
1483,394,1500000US530530635023,"Block Group 3, Census Tract 635.02, Pierce County, Washington"
688,169,1500000US530530701001,"Block Group 1, Census Tract 701, Pierce County, Washington"
0,12,1500000US530530701002,"Block Group 2, Census Tract 701, Pierce County, Washington"
1735,392,1500000US530530701003,"Block Group 3, Census Tract 701, Pierce County, Washington"
1385,327,1500000US530530701004,"Block Group 4, Census Tract 701, Pierce County, Washington"
2286,434,1500000US530530702031,"Block Group 1, Census Tract 702.03, Pierce County, Washington"
2699,437,1500000US530530702032,"Block Group 2, Census Tract 702.03, Pierce County, Washington"
693,277,1500000US530530702033,"Block Group 3, Census Tract 702.03, Pierce County, Washington"
1614,435,1500000US530530702041,"Block Group 1, Census Tract 702.04, Pierce County, Washington"
2240,417,1500000US530530702042,"Block Group 2, Census Tract 702.04, Pierce County, Washington"
2325,268,1500000US530530702051,"Block Group 1, Census Tract 702.05, Pierce County, Washington"
895,216,1500000US530530702052,"Block Group 2, Census Tract 702.05, Pierce County, Washington"
1699,277,1500000US530530702061,"Block Group 1, Census Tract 702.06, Pierce County, Washington"
1305,269,1500000US530530702062,"Block Group 2, Census Tract 702.06, Pierce County, Washington"
1038,228,1500000US530530702063,"Block Group 3, Census Tract 702.06, Pierce County, Washington"
1178,351,1500000US530530702071,"Block Group 1, Census Tract 702.07, Pierce County, Washington"
1409,326,1500000US530530702072,"Block Group 2, Census Tract 702.07, Pierce County, Washington"
1184,316,1500000US530530702073,"Block Group 3, Census Tract 702.07, Pierce County, Washington"
1402,323,1500000US530530702074,"Block Group 4, Census Tract 702.07, Pierce County, Washington"
1073,274,1500000US530530703071,"Block Group 1, Census Tract 703.07, Pierce County, Washington"
1895,387,1500000US530530703072,"Block Group 2, Census Tract 703.07, Pierce County, Washington"
2309,307,1500000US530530703073,"Block Group 3, Census Tract 703.07, Pierce County, Washington"
1830,287,1500000US530530703081,"Block Group 1, Census Tract 703.08, Pierce County, Washington"
1726,269,1500000US530530703082,"Block Group 2, Census Tract 703.08, Pierce County, Washington"
1031,295,1500000US530530703091,"Block Group 1, Census Tract 703.09, Pierce County, Washington"
2072,342,1500000US530530703092,"Block Group 2, Census Tract 703.09, Pierce County, Washington"
2170,413,1500000US530530703093,"Block Group 3, Census Tract 703.09, Pierce County, Washington"
1914,306,1500000US530530703101,"Block Group 1, Census Tract 703.10, Pierce County, Washington"
739,223,1500000US530530703102,"Block Group 2, Census Tract 703.10, Pierce County, Washington"
1941,267,1500000US530530703103,"Block Group 3, Census Tract 703.10, Pierce County, Washington"
728,288,1500000US530530703104,"Block Group 4, Census Tract 703.10, Pierce County, Washington"
1477,293,1500000US530530703111,"Block Group 1, Census Tract 703.11, Pierce County, Washington"
1531,372,1500000US530530703112,"Block Group 2, Census Tract 703.11, Pierce County, Washington"
2094,567,1500000US530530703113,"Block Group 3, Census Tract 703.11, Pierce County, Washington"
1167,292,1500000US530530703121,"Block Group 1, Census Tract 703.12, Pierce County, Washington"
3028,410,1500000US530530703122,"Block Group 2, Census Tract 703.12, Pierce County, Washington"
1498,380,1500000US530530703123,"Block Group 3, Census Tract 703.12, Pierce County, Washington"
1426,248,1500000US530530703131,"Block Group 1, Census Tract 703.13, Pierce County, Washington"
873,296,1500000US530530703132,"Block Group 2, Census Tract 703.13, Pierce County, Washington"
1529,349,1500000US530530703133,"Block Group 3, Census Tract 703.13, Pierce County, Washington"
761,296,1500000US530530703134,"Block Group 4, Census Tract 703.13, Pierce County, Washington"
1051,269,1500000US530530703135,"Block Group 5, Census Tract 703.13, Pierce County, Washington"
1890,358,1500000US530530703141,"Block Group 1, Census Tract 703.14, Pierce County, Washington"
1380,311,1500000US530530703142,"Block Group 2, Census Tract 703.14, Pierce County, Washington"
1615,331,1500000US530530703151,"Block Group 1, Census Tract 703.15, Pierce County, Washington"
1440,294,1500000US530530703152,"Block Group 2, Census Tract 703.15, Pierce County, Washington"
1835,313,1500000US530530703153,"Block Group 3, Census Tract 703.15, Pierce County, Washington"
707,287,1500000US530530703154,"Block Group 4, Census Tract 703.15, Pierce County, Washington"
1661,506,1500000US530530703161,"Block Group 1, Census Tract 703.16, Pierce County, Washington"
4095,468,1500000US530530703162,"Block Group 2, Census Tract 703.16, Pierce County, Washington"
1562,202,1500000US530530704011,"Block Group 1, Census Tract 704.01, Pierce County, Washington"
732,127,1500000US530530704012,"Block Group 2, Census Tract 704.01, Pierce County, Washington"
976,216,1500000US530530704031,"Block Group 1, Census Tract 704.03, Pierce County, Washington"
625,248,1500000US530530704032,"Block Group 2, Census Tract 704.03, Pierce County, Washington"
2201,387,1500000US530530704033,"Block Group 3, Census Tract 704.03, Pierce County, Washington"
2867,470,1500000US530530704041,"Block Group 1, Census Tract 704.04, Pierce County, Washington"
2003,392,1500000US530530704042,"Block Group 2, Census Tract 704.04, Pierce County, Washington"
925,273,1500000US530530707031,"Block Group 1, Census Tract 707.03, Pierce County, Washington"
1500,303,1500000US530530707032,"Block Group 2, Census Tract 707.03, Pierce County, Washington"
2000,375,1500000US530530707033,"Block Group 3, Census Tract 707.03, Pierce County, Washington"
831,245,1500000US530530707034,"Block Group 4, Census Tract 707.03, Pierce County, Washington"
942,282,1500000US530530707035,"Block Group 5, Census Tract 707.03, Pierce County, Washington"
1359,318,1500000US530530711001,"Block Group 1, Census Tract 711, Pierce County, Washington"
969,185,1500000US530530711002,"Block Group 2, Census Tract 711, Pierce County, Washington"
1859,290,1500000US530530712051,"Block Group 1, Census Tract 712.05, Pierce County, Washington"
3007,316,1500000US530530712052,"Block Group 2, Census Tract 712.05, Pierce County, Washington"
885,201,1500000US530530712061,"Block Group 1, Census Tract 712.06, Pierce County, Washington"
883,213,1500000US530530712062,"Block Group 2, Census Tract 712.06, Pierce County, Washington"
2120,445,1500000US530530712063,"Block Group 3, Census Tract 712.06, Pierce County, Washington"
2664,471,1500000US530530712064,"Block Group 4, Census Tract 712.06, Pierce County, Washington"
1237,366,1500000US530530712071,"Block Group 1, Census Tract 712.07, Pierce County, Washington"
2808,517,1500000US530530712072,"Block Group 2, Census Tract 712.07, Pierce County, Washington"
2309,481,1500000US530530712073,"Block Group 3, Census Tract 712.07, Pierce County, Washington"
1668,385,1500000US530530712081,"Block Group 1, Census Tract 712.08, Pierce County, Washington"
2295,402,1500000US530530712082,"Block Group 2, Census Tract 712.08, Pierce County, Washington"
3729,496,1500000US530530712083,"Block Group 3, Census Tract 712.08, Pierce County, Washington"
2280,258,1500000US530530712091,"Block Group 1, Census Tract 712.09, Pierce County, Washington"
889,219,1500000US530530712092,"Block Group 2, Census Tract 712.09, Pierce County, Washington"
951,268,1500000US530530712093,"Block Group 3, Census Tract 712.09, Pierce County, Washington"
751,298,1500000US530530712101,"Block Group 1, Census Tract 712.10, Pierce County, Washington"
1120,171,1500000US530530712102,"Block Group 2, Census Tract 712.10, Pierce County, Washington"
2650,303,1500000US530530712103,"Block Group 3, Census Tract 712.10, Pierce County, Washington"
2104,478,1500000US530530713041,"Block Group 1, Census Tract 713.04, Pierce County, Washington"
3238,663,1500000US530530713042,"Block Group 2, Census Tract 713.04, Pierce County, Washington"
956,323,1500000US530530713043,"Block Group 3, Census Tract 713.04, Pierce County, Washington"
2013,312,1500000US530530713051,"Block Group 1, Census Tract 713.05, Pierce County, Washington"
1716,352,1500000US530530713052,"Block Group 2, Census Tract 713.05, Pierce County, Washington"
1207,445,1500000US530530713061,"Block Group 1, Census Tract 713.06, Pierce County, Washington"
1741,484,1500000US530530713062,"Block Group 2, Census Tract 713.06, Pierce County, Washington"
2419,620,1500000US530530713063,"Block Group 3, Census Tract 713.06, Pierce County, Washington"
1013,347,1500000US530530713064,"Block Group 4, Census Tract 713.06, Pierce County, Washington"
1462,268,1500000US530530713071,"Block Group 1, Census Tract 713.07, Pierce County, Washington"
996,247,1500000US530530713072,"Block Group 2, Census Tract 713.07, Pierce County, Washington"
2251,285,1500000US530530713073,"Block Group 3, Census Tract 713.07, Pierce County, Washington"
1579,335,1500000US530530713091,"Block Group 1, Census Tract 713.09, Pierce County, Washington"
1534,381,1500000US530530713092,"Block Group 2, Census Tract 713.09, Pierce County, Washington"
1362,471,1500000US530530713093,"Block Group 3, Census Tract 713.09, Pierce County, Washington"
1835,375,1500000US530530713101,"Block Group 1, Census Tract 713.10, Pierce County, Washington"
3105,336,1500000US530530713102,"Block Group 2, Census Tract 713.10, Pierce County, Washington"
1713,280,1500000US530530714031,"Block Group 1, Census Tract 714.03, Pierce County, Washington"
723,221,1500000US530530714032,"Block Group 2, Census Tract 714.03, Pierce County, Washington"
1660,376,1500000US530530714033,"Block Group 3, Census Tract 714.03, Pierce County, Washington"
3299,557,1500000US530530714061,"Block Group 1, Census Tract 714.06, Pierce County, Washington"
1233,450,1500000US530530714062,"Block Group 2, Census Tract 714.06, Pierce County, Washington"
547,244,1500000US530530714063,"Block Group 3, Census Tract 714.06, Pierce County, Washington"
1913,440,1500000US530530714064,"Block Group 4, Census Tract 714.06, Pierce County, Washington"
1403,414,1500000US530530714071,"Block Group 1, Census Tract 714.07, Pierce County, Washington"
1834,485,1500000US530530714072,"Block Group 2, Census Tract 714.07, Pierce County, Washington"
1857,642,1500000US530530714073,"Block Group 3, Census Tract 714.07, Pierce County, Washington"
1917,647,1500000US530530714074,"Block Group 4, Census Tract 714.07, Pierce County, Washington"
1828,422,1500000US530530714081,"Block Group 1, Census Tract 714.08, Pierce County, Washington"
1265,407,1500000US530530714082,"Block Group 2, Census Tract 714.08, Pierce County, Washington"
817,232,1500000US530530714083,"Block Group 3, Census Tract 714.08, Pierce County, Washington"
1282,397,1500000US530530714091,"Block Group 1, Census Tract 714.09, Pierce County, Washington"
1024,386,1500000US530530714092,"Block Group 2, Census Tract 714.09, Pierce County, Washington"
1312,328,1500000US530530714093,"Block Group 3, Census Tract 714.09, Pierce County, Washington"
842,199,1500000US530530714094,"Block Group 4, Census Tract 714.09, Pierce County, Washington"
1487,712,1500000US530530714101,"Block Group 1, Census Tract 714.10, Pierce County, Washington"
1578,567,1500000US530530714102,"Block Group 2, Census Tract 714.10, Pierce County, Washington"
2388,669,1500000US530530714103,"Block Group 3, Census Tract 714.10, Pierce County, Washington"
1648,369,1500000US530530714104,"Block Group 4, Census Tract 714.10, Pierce County, Washington"
2344,530,1500000US530530714111,"Block Group 1, Census Tract 714.11, Pierce County, Washington"
1190,421,1500000US530530714112,"Block Group 2, Census Tract 714.11, Pierce County, Washington"
1735,370,1500000US530530714113,"Block Group 3, Census Tract 714.11, Pierce County, Washington"
1282,259,1500000US530530715031,"Block Group 1, Census Tract 715.03, Pierce County, Washington"
1963,632,1500000US530530715032,"Block Group 2, Census Tract 715.03, Pierce County, Washington"
600,239,1500000US530530715033,"Block Group 3, Census Tract 715.03, Pierce County, Washington"
1426,408,1500000US530530715034,"Block Group 4, Census Tract 715.03, Pierce County, Washington"
1647,396,1500000US530530715041,"Block Group 1, Census Tract 715.04, Pierce County, Washington"
2129,347,1500000US530530715042,"Block Group 2, Census Tract 715.04, Pierce County, Washington"
907,263,1500000US530530715043,"Block Group 3, Census Tract 715.04, Pierce County, Washington"
1155,339,1500000US530530715044,"Block Group 4, Census Tract 715.04, Pierce County, Washington"
1630,308,1500000US530530715051,"Block Group 1, Census Tract 715.05, Pierce County, Washington"
1012,300,1500000US530530715052,"Block Group 2, Census Tract 715.05, Pierce County, Washington"
992,276,1500000US530530715053,"Block Group 3, Census Tract 715.05, Pierce County, Washington"
1426,324,1500000US530530715054,"Block Group 4, Census Tract 715.05, Pierce County, Washington"
1025,240,1500000US530530715061,"Block Group 1, Census Tract 715.06, Pierce County, Washington"
2076,375,1500000US530530715062,"Block Group 2, Census Tract 715.06, Pierce County, Washington"
1993,309,1500000US530530715063,"Block Group 3, Census Tract 715.06, Pierce County, Washington"
3557,458,1500000US530530716011,"Block Group 1, Census Tract 716.01, Pierce County, Washington"
1295,247,1500000US530530716012,"Block Group 2, Census Tract 716.01, Pierce County, Washington"
2150,458,1500000US530530716021,"Block Group 1, Census Tract 716.02, Pierce County, Washington"
1326,372,1500000US530530716022,"Block Group 2, Census Tract 716.02, Pierce County, Washington"
2001,477,1500000US530530716023,"Block Group 3, Census Tract 716.02, Pierce County, Washington"
1173,390,1500000US530530716024,"Block Group 4, Census Tract 716.02, Pierce County, Washington"
2226,311,1500000US530530717031,"Block Group 1, Census Tract 717.03, Pierce County, Washington"
1277,362,1500000US530530717032,"Block Group 2, Census Tract 717.03, Pierce County, Washington"
2663,552,1500000US530530717041,"Block Group 1, Census Tract 717.04, Pierce County, Washington"
1412,286,1500000US530530717042,"Block Group 2, Census Tract 717.04, Pierce County, Washington"
898,258,1500000US530530717043,"Block Group 3, Census Tract 717.04, Pierce County, Washington"
1372,246,1500000US530530717051,"Block Group 1, Census Tract 717.05, Pierce County, Washington"
1381,341,1500000US530530717052,"Block Group 2, Census Tract 717.05, Pierce County, Washington"
1068,304,1500000US530530717053,"Block Group 3, Census Tract 717.05, Pierce County, Washington"
1872,208,1500000US530530717061,"Block Group 1, Census Tract 717.06, Pierce County, Washington"
921,223,1500000US530530717071,"Block Group 1, Census Tract 717.07, Pierce County, Washington"
696,207,1500000US530530717072,"Block Group 2, Census Tract 717.07, Pierce County, Washington"
1235,277,1500000US530530717073,"Block Group 3, Census Tract 717.07, Pierce County, Washington"
1728,470,1500000US530530718031,"Block Group 1, Census Tract 718.03, Pierce County, Washington"
2219,421,1500000US530530718032,"Block Group 2, Census Tract 718.03, Pierce County, Washington"
783,309,1500000US530530718033,"Block Group 3, Census Tract 718.03, Pierce County, Washington"
792,405,1500000US530530718034,"Block Group 4, Census Tract 718.03, Pierce County, Washington"
862,339,1500000US530530718051,"Block Group 1, Census Tract 718.05, Pierce County, Washington"
1706,361,1500000US530530718052,"Block Group 2, Census Tract 718.05, Pierce County, Washington"
1866,415,1500000US530530718053,"Block Group 3, Census Tract 718.05, Pierce County, Washington"
2741,405,1500000US530530718061,"Block Group 1, Census Tract 718.06, Pierce County, Washington"
1434,276,1500000US530530718062,"Block Group 2, Census Tract 718.06, Pierce County, Washington"
1839,348,1500000US530530718071,"Block Group 1, Census Tract 718.07, Pierce County, Washington"
1729,295,1500000US530530718072,"Block Group 2, Census Tract 718.07, Pierce County, Washington"
1736,444,1500000US530530718081,"Block Group 1, Census Tract 718.08, Pierce County, Washington"
1820,297,1500000US530530718082,"Block Group 2, Census Tract 718.08, Pierce County, Washington"
632,327,1500000US530530718083,"Block Group 3, Census Tract 718.08, Pierce County, Washington"
1810,423,1500000US530530719011,"Block Group 1, Census Tract 719.01, Pierce County, Washington"
684,237,1500000US530530719012,"Block Group 2, Census Tract 719.01, Pierce County, Washington"
856,210,1500000US530530719013,"Block Group 3, Census Tract 719.01, Pierce County, Washington"
1574,343,1500000US530530719014,"Block Group 4, Census Tract 719.01, Pierce County, Washington"
1598,446,1500000US530530719021,"Block Group 1, Census Tract 719.02, Pierce County, Washington"
825,323,1500000US530530719022,"Block Group 2, Census Tract 719.02, Pierce County, Washington"
1166,345,1500000US530530719023,"Block Group 3, Census Tract 719.02, Pierce County, Washington"
550,252,1500000US530530719024,"Block Group 4, Census Tract 719.02, Pierce County, Washington"
856,203,1500000US530530719025,"Block Group 5, Census Tract 719.02, Pierce County, Washington"
1497,674,1500000US530530720001,"Block Group 1, Census Tract 720, Pierce County, Washington"
1232,398,1500000US530530720002,"Block Group 2, Census Tract 720, Pierce County, Washington"
838,258,1500000US530530720003,"Block Group 3, Census Tract 720, Pierce County, Washington"
778,340,1500000US530530720004,"Block Group 4, Census Tract 720, Pierce County, Washington"
1217,185,1500000US530530721051,"Block Group 1, Census Tract 721.05, Pierce County, Washington"
1685,247,1500000US530530721052,"Block Group 2, Census Tract 721.05, Pierce County, Washington"
710,355,1500000US530530721053,"Block Group 3, Census Tract 721.05, Pierce County, Washington"
1665,298,1500000US530530721054,"Block Group 4, Census Tract 721.05, Pierce County, Washington"
890,260,1500000US530530721061,"Block Group 1, Census Tract 721.06, Pierce County, Washington"
1469,378,1500000US530530721062,"Block Group 2, Census Tract 721.06, Pierce County, Washington"
2250,497,1500000US530530721063,"Block Group 3, Census Tract 721.06, Pierce County, Washington"
1547,384,1500000US530530721064,"Block Group 4, Census Tract 721.06, Pierce County, Washington"
1146,214,1500000US530530721071,"Block Group 1, Census Tract 721.07, Pierce County, Washington"
1385,296,1500000US530530721072,"Block Group 2, Census Tract 721.07, Pierce County, Washington"
932,186,1500000US530530721073,"Block Group 3, Census Tract 721.07, Pierce County, Washington"
717,224,1500000US530530721074,"Block Group 4, Census Tract 721.07, Pierce County, Washington"
896,415,1500000US530530721081,"Block Group 1, Census Tract 721.08, Pierce County, Washington"
811,290,1500000US530530721082,"Block Group 2, Census Tract 721.08, Pierce County, Washington"
676,303,1500000US530530721083,"Block Group 3, Census Tract 721.08, Pierce County, Washington"
2209,362,1500000US530530721084,"Block Group 4, Census Tract 721.08, Pierce County, Washington"
1103,459,1500000US530530721085,"Block Group 5, Census Tract 721.08, Pierce County, Washington"
1551,265,1500000US530530721091,"Block Group 1, Census Tract 721.09, Pierce County, Washington"
1864,288,1500000US530530721092,"Block Group 2, Census Tract 721.09, Pierce County, Washington"
1679,371,1500000US530530721111,"Block Group 1, Census Tract 721.11, Pierce County, Washington"
965,173,1500000US530530721112,"Block Group 2, Census Tract 721.11, Pierce County, Washington"
1968,310,1500000US530530721121,"Block Group 1, Census Tract 721.12, Pierce County, Washington"
1225,222,1500000US530530721122,"Block Group 2, Census Tract 721.12, Pierce County, Washington"
1168,267,1500000US530530721123,"Block Group 3, Census Tract 721.12, Pierce County, Washington"
1299,288,1500000US530530723051,"Block Group 1, Census Tract 723.05, Pierce County, Washington"
804,323,1500000US530530723052,"Block Group 2, Census Tract 723.05, Pierce County, Washington"
1090,285,1500000US530530723053,"Block Group 3, Census Tract 723.05, Pierce County, Washington"
860,325,1500000US530530723054,"Block Group 4, Census Tract 723.05, Pierce County, Washington"
1402,313,1500000US530530723055,"Block Group 5, Census Tract 723.05, Pierce County, Washington"
539,189,1500000US530530723056,"Block Group 6, Census Tract 723.05, Pierce County, Washington"
1849,289,1500000US530530723071,"Block Group 1, Census Tract 723.07, Pierce County, Washington"
683,197,1500000US530530723072,"Block Group 2, Census Tract 723.07, Pierce County, Washington"
758,188,1500000US530530723073,"Block Group 3, Census Tract 723.07, Pierce County, Washington"
1189,336,1500000US530530723074,"Block Group 4, Census Tract 723.07, Pierce County, Washington"
1472,404,1500000US530530723081,"Block Group 1, Census Tract 723.08, Pierce County, Washington"
1719,291,1500000US530530723082,"Block Group 2, Census Tract 723.08, Pierce County, Washington"
1266,378,1500000US530530723083,"Block Group 3, Census Tract 723.08, Pierce County, Washington"
1411,456,1500000US530530723084,"Block Group 4, Census Tract 723.08, Pierce County, Washington"
1670,374,1500000US530530723085,"Block Group 5, Census Tract 723.08, Pierce County, Washington"
1606,391,1500000US530530723091,"Block Group 1, Census Tract 723.09, Pierce County, Washington"
2235,561,1500000US530530723092,"Block Group 2, Census Tract 723.09, Pierce County, Washington"
1211,362,1500000US530530723093,"Block Group 3, Census Tract 723.09, Pierce County, Washington"
820,263,1500000US530530723094,"Block Group 4, Census Tract 723.09, Pierce County, Washington"
1230,308,1500000US530530723101,"Block Group 1, Census Tract 723.10, Pierce County, Washington"
568,182,1500000US530530723102,"Block Group 2, Census Tract 723.10, Pierce County, Washington"
1902,219,1500000US530530723103,"Block Group 3, Census Tract 723.10, Pierce County, Washington"
1383,303,1500000US530530723111,"Block Group 1, Census Tract 723.11, Pierce County, Washington"
1135,260,1500000US530530723112,"Block Group 2, Census Tract 723.11, Pierce County, Washington"
1894,308,1500000US530530723113,"Block Group 3, Census Tract 723.11, Pierce County, Washington"
2368,355,1500000US530530723121,"Block Group 1, Census Tract 723.12, Pierce County, Washington"
1359,443,1500000US530530723122,"Block Group 2, Census Tract 723.12, Pierce County, Washington"
1518,585,1500000US530530723123,"Block Group 3, Census Tract 723.12, Pierce County, Washington"
1965,247,1500000US530530723131,"Block Group 1, Census Tract 723.13, Pierce County, Washington"
1624,280,1500000US530530723132,"Block Group 2, Census Tract 723.13, Pierce County, Washington"
1778,265,1500000US530530724051,"Block Group 1, Census Tract 724.05, Pierce County, Washington"
2335,323,1500000US530530724052,"Block Group 2, Census Tract 724.05, Pierce County, Washington"
2177,334,1500000US530530724061,"Block Group 1, Census Tract 724.06, Pierce County, Washington"
1828,410,1500000US530530724062,"Block Group 2, Census Tract 724.06, Pierce County, Washington"
2065,365,1500000US530530724063,"Block Group 3, Census Tract 724.06, Pierce County, Washington"
1881,430,1500000US530530724071,"Block Group 1, Census Tract 724.07, Pierce County, Washington"
1627,414,1500000US530530724072,"Block Group 2, Census Tract 724.07, Pierce County, Washington"
1287,379,1500000US530530724073,"Block Group 3, Census Tract 724.07, Pierce County, Washington"
1400,381,1500000US530530724081,"Block Group 1, Census Tract 724.08, Pierce County, Washington"
2133,328,1500000US530530724082,"Block Group 2, Census Tract 724.08, Pierce County, Washington"
1045,259,1500000US530530724083,"Block Group 3, Census Tract 724.08, Pierce County, Washington"
1431,273,1500000US530530724084,"Block Group 4, Census Tract 724.08, Pierce County, Washington"
1433,227,1500000US530530724091,"Block Group 1, Census Tract 724.09, Pierce County, Washington"
1139,147,1500000US530530724092,"Block Group 2, Census Tract 724.09, Pierce County, Washington"
2043,286,1500000US530530724101,"Block Group 1, Census Tract 724.10, Pierce County, Washington"
1688,317,1500000US530530724102,"Block Group 2, Census Tract 724.10, Pierce County, Washington"
1617,237,1500000US530530725031,"Block Group 1, Census Tract 725.03, Pierce County, Washington"
2834,380,1500000US530530725032,"Block Group 2, Census Tract 725.03, Pierce County, Washington"
2138,356,1500000US530530725041,"Block Group 1, Census Tract 725.04, Pierce County, Washington"
3104,406,1500000US530530725042,"Block Group 2, Census Tract 725.04, Pierce County, Washington"
1240,246,1500000US530530725051,"Block Group 1, Census Tract 725.05, Pierce County, Washington"
1494,381,1500000US530530725052,"Block Group 2, Census Tract 725.05, Pierce County, Washington"
3054,549,1500000US530530725053,"Block Group 3, Census Tract 725.05, Pierce County, Washington"
1275,300,1500000US530530725054,"Block Group 4, Census Tract 725.05, Pierce County, Washington"
1008,174,1500000US530530725061,"Block Group 1, Census Tract 725.06, Pierce County, Washington"
2125,361,1500000US530530725062,"Block Group 2, Census Tract 725.06, Pierce County, Washington"
974,254,1500000US530530725071,"Block Group 1, Census Tract 725.07, Pierce County, Washington"
1701,273,1500000US530530725072,"Block Group 2, Census Tract 725.07, Pierce County, Washington"
2672,478,1500000US530530726011,"Block Group 1, Census Tract 726.01, Pierce County, Washington"
1212,243,1500000US530530726012,"Block Group 2, Census Tract 726.01, Pierce County, Washington"
1590,285,1500000US530530726013,"Block Group 3, Census Tract 726.01, Pierce County, Washington"
982,239,1500000US530530726021,"Block Group 1, Census Tract 726.02, Pierce County, Washington"
1776,399,1500000US530530726022,"Block Group 2, Census Tract 726.02, Pierce County, Washington"
1432,414,1500000US530530726023,"Block Group 3, Census Tract 726.02, Pierce County, Washington"
745,272,1500000US530530726031,"Block Group 1, Census Tract 726.03, Pierce County, Washington"
710,240,1500000US530530726032,"Block Group 2, Census Tract 726.03, Pierce County, Washington"
1053,250,1500000US530530726033,"Block Group 3, Census Tract 726.03, Pierce County, Washington"
1826,584,1500000US530530726034,"Block Group 4, Census Tract 726.03, Pierce County, Washington"
419,253,1500000US530530726035,"Block Group 5, Census Tract 726.03, Pierce County, Washington"
5454,529,1500000US530530728001,"Block Group 1, Census Tract 728, Pierce County, Washington"
3738,515,1500000US530530728002,"Block Group 2, Census Tract 728, Pierce County, Washington"
3288,295,1500000US530530729011,"Block Group 1, Census Tract 729.01, Pierce County, Washington"
3700,482,1500000US530530729031,"Block Group 1, Census Tract 729.03, Pierce County, Washington"
2500,417,1500000US530530729051,"Block Group 1, Census Tract 729.05, Pierce County, Washington"
1089,364,1500000US530530729052,"Block Group 2, Census Tract 729.05, Pierce County, Washington"
2438,526,1500000US530530729053,"Block Group 3, Census Tract 729.05, Pierce County, Washington"
1158,272,1500000US530530729061,"Block Group 1, Census Tract 729.06, Pierce County, Washington"
399,373,1500000US530530729062,"Block Group 2, Census Tract 729.06, Pierce County, Washington"
1790,458,1500000US530530729071,"Block Group 1, Census Tract 729.07, Pierce County, Washington"
4002,659,1500000US530530729072,"Block Group 2, Census Tract 729.07, Pierce County, Washington"
0,12,1500000US530530729073,"Block Group 3, Census Tract 729.07, Pierce County, Washington"
796,322,1500000US530530730011,"Block Group 1, Census Tract 730.01, Pierce County, Washington"
1530,518,1500000US530530730012,"Block Group 2, Census Tract 730.01, Pierce County, Washington"
1839,357,1500000US530530730013,"Block Group 3, Census Tract 730.01, Pierce County, Washington"
1016,282,1500000US530530730014,"Block Group 4, Census Tract 730.01, Pierce County, Washington"
944,222,1500000US530530730015,"Block Group 5, Census Tract 730.01, Pierce County, Washington"
887,260,1500000US530530730051,"Block Group 1, Census Tract 730.05, Pierce County, Washington"
1655,387,1500000US530530730052,"Block Group 2, Census Tract 730.05, Pierce County, Washington"
1370,469,1500000US530530730053,"Block Group 3, Census Tract 730.05, Pierce County, Washington"
1588,353,1500000US530530730054,"Block Group 4, Census Tract 730.05, Pierce County, Washington"
2533,311,1500000US530530730061,"Block Group 1, Census Tract 730.06, Pierce County, Washington"
1230,265,1500000US530530730062,"Block Group 2, Census Tract 730.06, Pierce County, Washington"
2073,639,1500000US530530731081,"Block Group 1, Census Tract 731.08, Pierce County, Washington"
3577,532,1500000US530530731082,"Block Group 2, Census Tract 731.08, Pierce County, Washington"
2376,580,1500000US530530731083,"Block Group 3, Census Tract 731.08, Pierce County, Washington"
1591,241,1500000US530530731101,"Block Group 1, Census Tract 731.10, Pierce County, Washington"
1986,301,1500000US530530731102,"Block Group 2, Census Tract 731.10, Pierce County, Washington"
2265,344,1500000US530530731111,"Block Group 1, Census Tract 731.11, Pierce County, Washington"
1324,297,1500000US530530731112,"Block Group 2, Census Tract 731.11, Pierce County, Washington"
790,224,1500000US530530731113,"Block Group 3, Census Tract 731.11, Pierce County, Washington"
1372,365,1500000US530530731131,"Block Group 1, Census Tract 731.13, Pierce County, Washington"
2659,610,1500000US530530731132,"Block Group 2, Census Tract 731.13, Pierce County, Washington"
2844,587,1500000US530530731133,"Block Group 3, Census Tract 731.13, Pierce County, Washington"
2293,463,1500000US530530731141,"Block Group 1, Census Tract 731.14, Pierce County, Washington"
1858,396,1500000US530530731142,"Block Group 2, Census Tract 731.14, Pierce County, Washington"
1374,342,1500000US530530731143,"Block Group 3, Census Tract 731.14, Pierce County, Washington"
2080,269,1500000US530530731151,"Block Group 1, Census Tract 731.15, Pierce County, Washington"
1453,288,1500000US530530731152,"Block Group 2, Census Tract 731.15, Pierce County, Washington"
597,162,1500000US530530731153,"Block Group 3, Census Tract 731.15, Pierce County, Washington"
2055,363,1500000US530530731161,"Block Group 1, Census Tract 731.16, Pierce County, Washington"
1573,354,1500000US530530731162,"Block Group 2, Census Tract 731.16, Pierce County, Washington"
2059,333,1500000US530530731171,"Block Group 1, Census Tract 731.17, Pierce County, Washington"
1767,414,1500000US530530731172,"Block Group 2, Census Tract 731.17, Pierce County, Washington"
2025,247,1500000US530530731181,"Block Group 1, Census Tract 731.18, Pierce County, Washington"
2244,370,1500000US530530731182,"Block Group 2, Census Tract 731.18, Pierce County, Washington"
1116,248,1500000US530530731191,"Block Group 1, Census Tract 731.19, Pierce County, Washington"
1849,353,1500000US530530731192,"Block Group 2, Census Tract 731.19, Pierce County, Washington"
1960,354,1500000US530530731201,"Block Group 1, Census Tract 731.20, Pierce County, Washington"
2178,433,1500000US530530731202,"Block Group 2, Census Tract 731.20, Pierce County, Washington"
2433,404,1500000US530530731211,"Block Group 1, Census Tract 731.21, Pierce County, Washington"
2376,349,1500000US530530731212,"Block Group 2, Census Tract 731.21, Pierce County, Washington"
1703,323,1500000US530530731221,"Block Group 1, Census Tract 731.22, Pierce County, Washington"
2743,318,1500000US530530731222,"Block Group 2, Census Tract 731.22, Pierce County, Washington"
3256,363,1500000US530530731231,"Block Group 1, Census Tract 731.23, Pierce County, Washington"
1850,456,1500000US530530731232,"Block Group 2, Census Tract 731.23, Pierce County, Washington"
1130,297,1500000US530530731241,"Block Group 1, Census Tract 731.24, Pierce County, Washington"
2625,445,1500000US530530731242,"Block Group 2, Census Tract 731.24, Pierce County, Washington"
4127,665,1500000US530530731251,"Block Group 1, Census Tract 731.25, Pierce County, Washington"
1762,600,1500000US530530731252,"Block Group 2, Census Tract 731.25, Pierce County, Washington"
3652,593,1500000US530530731253,"Block Group 3, Census Tract 731.25, Pierce County, Washington"
4158,403,1500000US530530731261,"Block Group 1, Census Tract 731.26, Pierce County, Washington"
1231,211,1500000US530530732001,"Block Group 1, Census Tract 732, Pierce County, Washington"
1014,372,1500000US530530732002,"Block Group 2, Census Tract 732, Pierce County, Washington"
1241,318,1500000US530530732003,"Block Group 3, Census Tract 732, Pierce County, Washington"
2369,400,1500000US530530732004,"Block Group 4, Census Tract 732, Pierce County, Washington"
3596,470,1500000US530530733011,"Block Group 1, Census Tract 733.01, Pierce County, Washington"
781,236,1500000US530530733012,"Block Group 2, Census Tract 733.01, Pierce County, Washington"
198,89,1500000US530530733013,"Block Group 3, Census Tract 733.01, Pierce County, Washington"
1309,525,1500000US530530733014,"Block Group 4, Census Tract 733.01, Pierce County, Washington"
1361,247,1500000US530530733021,"Block Group 1, Census Tract 733.02, Pierce County, Washington"
1283,223,1500000US530530733022,"Block Group 2, Census Tract 733.02, Pierce County, Washington"
1146,262,1500000US530530733023,"Block Group 3, Census Tract 733.02, Pierce County, Washington"
1221,251,1500000US530530734041,"Block Group 1, Census Tract 734.04, Pierce County, Washington"
911,357,1500000US530530734042,"Block Group 2, Census Tract 734.04, Pierce County, Washington"
724,233,1500000US530530734043,"Block Group 3, Census Tract 734.04, Pierce County, Washington"
946,225,1500000US530530734044,"Block Group 4, Census Tract 734.04, Pierce County, Washington"
1901,277,1500000US530530734045,"Block Group 5, Census Tract 734.04, Pierce County, Washington"
1961,314,1500000US530530734051,"Block Group 1, Census Tract 734.05, Pierce County, Washington"
1560,277,1500000US530530734052,"Block Group 2, Census Tract 734.05, Pierce County, Washington"
1878,483,1500000US530530734061,"Block Group 1, Census Tract 734.06, Pierce County, Washington"
1326,299,1500000US530530734062,"Block Group 2, Census Tract 734.06, Pierce County, Washington"
2271,479,1500000US530530734063,"Block Group 3, Census Tract 734.06, Pierce County, Washington"
1295,287,1500000US530530734071,"Block Group 1, Census Tract 734.07, Pierce County, Washington"
1036,275,1500000US530530734072,"Block Group 2, Census Tract 734.07, Pierce County, Washington"
1524,295,1500000US530530734073,"Block Group 3, Census Tract 734.07, Pierce County, Washington"
2173,415,1500000US530530734081,"Block Group 1, Census Tract 734.08, Pierce County, Washington"
975,186,1500000US530530734082,"Block Group 2, Census Tract 734.08, Pierce County, Washington"
971,206,1500000US530530734083,"Block Group 3, Census Tract 734.08, Pierce County, Washington"
1382,362,1500000US530530735001,"Block Group 1, Census Tract 735, Pierce County, Washington"
1419,424,1500000US530530735002,"Block Group 2, Census Tract 735, Pierce County, Washington"
945,435,1500000US530530735003,"Block Group 3, Census Tract 735, Pierce County, Washington"
999,431,1500000US530530735004,"Block Group 4, Census Tract 735, Pierce County, Washington"
1095,443,1500000US530530735005,"Block Group 5, Census Tract 735, Pierce County, Washington"
1449,343,1500000US530530735006,"Block Group 6, Census Tract 735, Pierce County, Washington"
1425,144,1500000US530539400011,"Block Group 1, Census Tract 9400.01, Pierce County, Washington"
1257,165,1500000US530539400012,"Block Group 2, Census Tract 9400.01, Pierce County, Washington"
1478,203,1500000US530539400021,"Block Group 1, Census Tract 9400.02, Pierce County, Washington"
1097,175,1500000US530539400022,"Block Group 2, Census Tract 9400.02, Pierce County, Washington"
1213,191,1500000US530539400023,"Block Group 3, Census Tract 9400.02, Pierce County, Washington"
3333,287,1500000US530539400031,"Block Group 1, Census Tract 9400.03, Pierce County, Washington"
1624,220,1500000US530539400032,"Block Group 2, Census Tract 9400.03, Pierce County, Washington"
2287,253,1500000US530539400033,"Block Group 3, Census Tract 9400.03, Pierce County, Washington"
1416,348,1500000US530539400041,"Block Group 1, Census Tract 9400.04, Pierce County, Washington"
492,141,1500000US530539400042,"Block Group 2, Census Tract 9400.04, Pierce County, Washington"
894,159,1500000US530539400043,"Block Group 3, Census Tract 9400.04, Pierce County, Washington"
938,179,1500000US530539400044,"Block Group 4, Census Tract 9400.04, Pierce County, Washington"
1335,190,1500000US530539400045,"Block Group 5, Census Tract 9400.04, Pierce County, Washington"
1542,240,1500000US530539400046,"Block Group 6, Census Tract 9400.04, Pierce County, Washington"
1655,229,1500000US530539400051,"Block Group 1, Census Tract 9400.05, Pierce County, Washington"
2216,288,1500000US530539400052,"Block Group 2, Census Tract 9400.05, Pierce County, Washington"
2189,227,1500000US530539400053,"Block Group 3, Census Tract 9400.05, Pierce County, Washington"
1614,223,1500000US530539400061,"Block Group 1, Census Tract 9400.06, Pierce County, Washington"
1287,178,1500000US530539400062,"Block Group 2, Census Tract 9400.06, Pierce County, Washington"
815,206,1500000US530539400071,"Block Group 1, Census Tract 9400.07, Pierce County, Washington"
1207,264,1500000US530539400072,"Block Group 2, Census Tract 9400.07, Pierce County, Washington"
1236,210,1500000US530539400073,"Block Group 3, Census Tract 9400.07, Pierce County, Washington"
2690,250,1500000US530539400081,"Block Group 1, Census Tract 9400.08, Pierce County, Washington"
2025,232,1500000US530539400082,"Block Group 2, Census Tract 9400.08, Pierce County, Washington"
1335,120,1500000US530539400083,"Block Group 3, Census Tract 9400.08, Pierce County, Washington"
1876,223,1500000US530539400091,"Block Group 1, Census Tract 9400.09, Pierce County, Washington"
1002,183,1500000US530539400092,"Block Group 2, Census Tract 9400.09, Pierce County, Washington"
2023,449,1500000US530539400101,"Block Group 1, Census Tract 9400.10, Pierce County, Washington"
1565,267,1500000US530539400102,"Block Group 2, Census Tract 9400.10, Pierce County, Washington"
591,189,1500000US530539400103,"Block Group 3, Census Tract 9400.10, Pierce County, Washington"
1657,185,1500000US530539400111,"Block Group 1, Census Tract 9400.11, Pierce County, Washington"
1728,166,1500000US530539400112,"Block Group 2, Census Tract 9400.11, Pierce County, Washington"
972,104,1500000US530539400113,"Block Group 3, Census Tract 9400.11, Pierce County, Washington"
